{"isTrash":false,"id":"FBD86A13-9838-4F61-89BB-E013E314FB6C","markColorHex":null,"digest":"你其实不是木乃伊，你叫蒂夫，是一位猎魔人。之所以会用木乃伊的身份出现在这里，要从20年前开始说起。","recentWords":0,"trashTime":null,"recentRows":0,"recentConsumeTimeSecond":0,"lastEditTime":651423180.69618297,"revisionIdList":["F3129E5D-8CA4-46BA-82F3-0EC57E7E4755","E35FAC7D-B6A1-4A31-BB57-F0BD2B3E943D","A19129AA-DB2B-4937-B762-D7212D049BAC"],"title":"木乃伊—蒂夫","creationTime":651406375.17887998,"timeLineStatrTime":-31622400,"words":1982,"foldersId":["8A15CAFF-8ED6-4753-A94A-31F6D555318B"],"rows":19,"consumeTimeSecond":5272.8056898117065,"copies":0,"fixedTitle":null}