{"isTrash":false,"id":"4F810F8B-F69E-4BA1-A4FF-31ABB3D0EF32","markColorHex":null,"digest":"一、过去的事情","recentWords":1758,"trashTime":null,"recentRows":20,"recentConsumeTimeSecond":5802.523557305336,"lastEditTime":652097158.99532998,"revisionIdList":["B23A39DA-727A-4D5F-BE21-DE55DA6223C0","2EB1C736-3150-4423-A852-6070CE41DAA7"],"title":"吸血鬼公主—迪娜","creationTime":651406360.17156303,"timeLineStatrTime":-31622400,"words":1816,"foldersId":["8A15CAFF-8ED6-4753-A94A-31F6D555318B"],"rows":23,"consumeTimeSecond":6051.8874605894089,"copies":0,"fixedTitle":null}