{"isTrash":false,"id":"6C410939-A626-48A4-AE87-5A1E26656C3E","markColorHex":null,"digest":"你恨极了鬼王，就是这个男人害死了你最心爱的女人。","recentWords":3268,"trashTime":null,"recentRows":36,"recentConsumeTimeSecond":78090.689797639847,"lastEditTime":653820033.83374,"revisionIdList":["49FD63A8-1CA0-468A-90DF-542F011742F4","3ECB1EFB-75BF-4DB2-835F-944612F159C8","9BD68F40-74E9-4E5C-8660-BDAB980FB5AC","A9D6098D-AA8A-4EBB-A487-508D0B906A4F","7A3936B3-9A6E-4A3D-BB94-C0006A48A43B","006DB23E-65B1-43D9-96A8-83EBF4693AEB","AD0A7A21-F43B-4F15-8B59-06EBA3C59AF6"],"title":"科学怪人—木坨坨","creationTime":651406432.43922806,"timeLineStatrTime":-31622400,"words":3234,"foldersId":["8A15CAFF-8ED6-4753-A94A-31F6D555318B"],"rows":36,"consumeTimeSecond":78127.568401575089,"copies":0,"fixedTitle":null}