{"isTrash":false,"id":"929C7916-B497-43FB-8238-101B69DBE322","markColorHex":null,"digest":"一、过去的事情","recentWords":1498,"trashTime":null,"recentRows":15,"recentConsumeTimeSecond":5105.1346142292023,"lastEditTime":653881993.80105495,"revisionIdList":["40F4DC89-4C8A-4EDC-827D-231304DB589A","8D48B784-0CD6-4415-BF87-5B98931C0AEF","E60ECF67-CD6E-42B5-94EB-D47371DF4E5F","83F03448-F858-4E72-B7E5-FA852497E3DB"],"title":"狼人—阿强","creationTime":651406543.85971904,"timeLineStatrTime":-31622400,"words":1739,"foldersId":["8A15CAFF-8ED6-4753-A94A-31F6D555318B"],"rows":17,"consumeTimeSecond":5911.2494466304779,"copies":0,"fixedTitle":null}