{"isTrash":false,"id":"6C410939-A626-48A4-AE87-5A1E26656C3E","markColorHex":null,"digest":"你恨极了鬼王，就是这个男人害死了你最心爱的女人。","recentWords":1462,"trashTime":null,"recentRows":15,"recentConsumeTimeSecond":6068.0086237192154,"lastEditTime":652184624.72459698,"revisionIdList":["49FD63A8-1CA0-468A-90DF-542F011742F4","3ECB1EFB-75BF-4DB2-835F-944612F159C8","9BD68F40-74E9-4E5C-8660-BDAB980FB5AC"],"title":"科学怪人—木坨坨","creationTime":651406432.43922806,"timeLineStatrTime":-31622400,"words":2030,"foldersId":["8A15CAFF-8ED6-4753-A94A-31F6D555318B"],"rows":22,"consumeTimeSecond":71918.311245203018,"copies":0,"fixedTitle":null}