{"isTrash":false,"id":"39DF0B01-1D56-4A2B-8924-4709B8B879F3","markColorHex":null,"digest":"首先，我们确定真正的杀人凶手就是科学怪人。","recentWords":1172,"trashTime":null,"recentRows":16,"recentConsumeTimeSecond":1640.7810065746307,"lastEditTime":652439076.80302501,"revisionIdList":["46E335CC-95DD-4235-8B67-7898CE98799B","BC9D0F36-CE3F-4FFA-A8FC-793861A807AC","3677786C-26C6-477A-AC02-88C7E3E7BBC8"],"title":"思考","creationTime":652279303.39909995,"timeLineStatrTime":-366681600,"words":1611,"foldersId":["D34E0D58-F3A2-4C21-9283-A5684A9868D6"],"rows":26,"consumeTimeSecond":2286.2826416492462,"copies":0,"fixedTitle":null}