{"isTrash":false,"id":"BC33074B-8FE5-41B3-97EE-AB91B5FDFB2C","markColorHex":null,"digest":"你是女巫尤丝，拥有着迷倒一切男人的面孔和身材，但是眼前这个鬼王，却是你无法的到的。","recentWords":634,"trashTime":null,"recentRows":7,"recentConsumeTimeSecond":2107.416197180748,"lastEditTime":652891223.69871199,"revisionIdList":["21BB4578-5057-4379-94C9-A2BD8A391F47"],"title":"女巫—尤丝","creationTime":651406406.08789396,"timeLineStatrTime":-31622400,"words":951,"foldersId":["8A15CAFF-8ED6-4753-A94A-31F6D555318B"],"rows":10,"consumeTimeSecond":3117.2334470748901,"copies":0,"fixedTitle":null}