{"isTrash":false,"id":"FBD86A13-9838-4F61-89BB-E013E314FB6C","markColorHex":null,"digest":"一、过往的事情","recentWords":2905,"trashTime":null,"recentRows":35,"recentConsumeTimeSecond":8005.2454123497009,"lastEditTime":653838422.51636195,"revisionIdList":["F3129E5D-8CA4-46BA-82F3-0EC57E7E4755","E35FAC7D-B6A1-4A31-BB57-F0BD2B3E943D","A19129AA-DB2B-4937-B762-D7212D049BAC","77BE8414-9043-4FAE-9F67-112B92E875FE","557E50FC-B81B-4BA9-BFAF-33752897347D","23A430EE-6D19-45BD-BF7F-638E77DCD2FB"],"title":"木乃伊—蒂夫","creationTime":651406375.17887998,"timeLineStatrTime":-31622400,"words":3021,"foldersId":["8A15CAFF-8ED6-4753-A94A-31F6D555318B"],"rows":34,"consumeTimeSecond":8554.9096890687943,"copies":0,"fixedTitle":null}