{"isTrash":false,"id":"6C410939-A626-48A4-AE87-5A1E26656C3E","markColorHex":null,"digest":"你恨极了鬼王，就是这个男人害死了你最心爱的女人。","recentWords":232,"trashTime":null,"recentRows":3,"recentConsumeTimeSecond":467.03159987926483,"lastEditTime":652114200.16619098,"revisionIdList":["49FD63A8-1CA0-468A-90DF-542F011742F4"],"title":"科学怪人—木坨坨","creationTime":651406432.43922806,"timeLineStatrTime":-31622400,"words":864,"foldersId":["8A15CAFF-8ED6-4753-A94A-31F6D555318B"],"rows":9,"consumeTimeSecond":3994.6834796667099,"copies":0,"fixedTitle":null}