{"isTrash":false,"id":"929C7916-B497-43FB-8238-101B69DBE322","markColorHex":null,"digest":"你叫阿强，是狼人族的首领。你非常的恨鬼王，这点甚至超过你恨人类。不过你从来都不会表现出来。","recentWords":256,"trashTime":null,"recentRows":4,"recentConsumeTimeSecond":461.40795755386353,"lastEditTime":651850948.94045496,"revisionIdList":["40F4DC89-4C8A-4EDC-827D-231304DB589A"],"title":"狼人—阿强","creationTime":651406543.85971904,"timeLineStatrTime":-31622400,"words":256,"foldersId":["8A15CAFF-8ED6-4753-A94A-31F6D555318B"],"rows":4,"consumeTimeSecond":501.34072053432465,"copies":0,"fixedTitle":null}